zone_id,pixel_count_masked_utm4_hi_hawaii_2021_ccap_0.tif_3x3.tif,pixel_count_masked_utm4_hi_hawaii_2021_ccap_1.tif_3x3.tif,pixel_count_masked_utm4_hi_hawaii_2021_ccap_2.tif_3x3.tif,pixel_count_masked_utm4_hi_hawaii_2021_ccap_3.tif_3x3.tif,pixel_count_masked_utm4_hi_hawaii_2021_ccap_4.tif_3x3.tif,pixel_count_masked_utm4_hi_hawaii_2021_ccap_5.tif_3x3.tif,pixel_count_masked_utm4_hi_hawaii_2021_ccap_6.tif_3x3.tif,pixel_count_masked_utm4_hi_hawaii_2021_ccap_7.tif_3x3.tif,pixel_count_masked_utm4_hi_hawaii_2021_ccap_8.tif_3x3.tif,pixel_count_masked_utm4_hi_honolulu_2021_ccap_0.tif_3x3.tif,pixel_count_masked_utm4_hi_honolulu_2021_ccap_1.tif_3x3.tif,pixel_count_masked_utm4_hi_honolulu_2021_ccap_2.tif_3x3.tif,pixel_count_masked_utm4_hi_honolulu_2021_ccap_3.tif_3x3.tif,pixel_count_masked_utm4_hi_kauai_2021_ccap_0.tif_3x3.tif,pixel_count_masked_utm4_hi_kauai_2021_ccap_1.tif_3x3.tif,pixel_count_masked_utm4_hi_kauai_2021_ccap_2.tif_3x3.tif,pixel_count_masked_utm4_hi_kauai_2021_ccap_3.tif_3x3.tif,pixel_count_masked_utm4_hi_maui_2021_ccap_0.tif_3x3.tif,pixel_count_masked_utm4_hi_maui_2021_ccap_1.tif_3x3.tif,pixel_count_masked_utm4_hi_maui_2021_ccap_2.tif_3x3.tif,pixel_count_masked_utm4_hi_maui_2021_ccap_3.tif_3x3.tif
1,0,0,0,0,0,0,0,0,0,0,0,0,0,0,0,0,137247,0,0,0,0
2,0,0,0,0,0,0,0,0,0,0,0,0,0,0,206020,0,51017,0,0,0,0
3,0,0,0,0,0,0,0,0,0,0,0,0,0,0,0,0,4248,0,0,0,0
4,0,0,0,0,0,0,0,0,0,0,0,194936,0,0,0,0,0,0,0,0,0
5,0,0,0,0,0,0,0,0,0,0,2997503,0,0,0,0,0,0,0,0,0,0
6,0,0,0,0,0,0,0,0,0,0,0,51445,291572,0,0,0,0,0,0,0,0
7,0,0,0,0,0,0,0,0,0,0,0,0,0,0,0,0,0,0,0,110755,0
8,0,0,0,0,0,0,0,0,0,0,0,0,0,0,0,0,0,0,0,113835,0
9,0,0,0,0,0,0,0,0,0,0,0,0,0,0,0,0,0,0,0,0,0
10,0,0,0,0,0,0,0,0,0,0,0,0,0,0,0,0,0,0,0,24185,0
11,0,0,0,0,0,0,0,0,0,0,0,0,0,7364,0,0,0,0,0,0,0
12,0,0,0,0,0,0,0,0,0,0,0,0,0,19914,273103,54657,25444,0,0,0,0
13,0,0,0,0,0,0,0,0,0,0,0,0,0,0,45805,0,16414,0,0,0,0
14,0,0,0,0,0,0,0,0,0,0,0,0,0,0,362029,0,0,0,0,0,0
15,0,0,0,0,0,0,0,0,0,0,0,0,0,0,546680,0,0,0,0,0,0
16,0,0,0,0,0,0,0,0,0,943576,0,0,0,0,0,0,0,0,0,0,0
17,0,0,0,0,0,0,0,0,0,807272,1961,0,0,0,0,0,0,0,0,0,0
18,0,0,0,0,0,0,0,0,0,276374,0,345,0,0,0,0,0,0,0,0,0
19,0,0,0,0,0,0,0,0,0,0,1633811,0,0,0,0,0,0,0,0,0,0
20,0,0,0,0,0,0,0,0,0,0,0,0,0,0,0,0,0,0,0,0,0
21,0,0,0,0,0,0,0,0,0,0,0,0,0,0,0,0,0,0,800555,0,0
22,0,0,0,0,0,0,0,0,0,0,0,0,0,0,0,0,0,0,30116,0,0
23,0,0,0,0,0,0,0,0,0,0,0,0,0,0,0,0,0,0,0,0,0
24,0,0,0,0,0,0,0,0,0,0,0,0,0,0,0,0,0,0,147911,0,0
25,0,0,0,0,0,0,0,0,0,0,0,0,0,0,0,0,0,0,0,297259,36181
26,0,0,0,0,0,0,0,0,0,0,0,0,0,0,0,0,0,237122,36,263207,0
27,0,0,0,667,303813,0,107704,0,0,0,0,0,0,0,0,0,0,0,0,0,0
28,0,0,0,0,0,0,0,0,0,0,0,0,0,0,0,0,0,0,18706,0,0
29,0,0,0,1065589,0,0,0,0,0,0,0,0,0,0,0,0,0,0,0,0,0
30,0,0,0,11521,0,0,8289,0,0,0,0,0,0,0,0,0,0,0,0,0,0
31,0,0,0,0,0,0,0,0,0,0,0,0,0,0,0,0,0,0,75225,0,0
32,0,0,0,0,0,0,0,0,0,0,0,0,0,0,0,0,0,0,0,0,63039
33,0,0,0,0,0,0,127187,0,0,0,0,0,0,0,0,0,0,0,0,0,0
34,0,0,0,0,0,0,0,0,0,0,0,0,0,1534,0,0,0,0,0,0,0
35,0,0,0,0,0,0,0,0,0,515346,323707,0,0,0,0,0,0,0,0,0,0
36,0,0,0,0,0,0,0,0,0,0,0,0,152269,0,0,0,0,0,0,0,0
37,0,0,0,0,0,0,0,0,0,0,946009,0,0,0,0,0,0,0,0,0,0
38,0,0,0,0,0,0,0,0,0,0,0,0,0,0,0,0,0,0,0,10727,0
39,0,0,0,0,0,0,0,0,0,0,0,0,0,0,0,0,0,0,0,158749,0
40,0,0,0,0,0,0,0,0,0,0,0,0,0,0,0,0,0,0,0,0,0
41,0,0,0,0,0,0,0,0,0,0,0,0,0,0,0,0,0,0,0,0,0
42,0,0,0,0,0,0,0,0,0,0,0,0,0,0,0,0,0,0,1878858,0,233731
43,0,0,0,0,0,0,0,0,0,0,0,0,0,0,0,0,0,0,707440,0,4069
44,0,0,0,0,0,0,0,0,0,0,0,0,0,0,0,0,0,0,7075,0,0
45,0,0,0,0,0,0,0,0,0,0,0,0,0,0,0,0,0,0,13378,0,0
46,0,0,0,0,0,0,0,0,0,0,0,0,0,0,0,0,0,0,8079,0,0
47,21930,0,0,0,0,0,0,0,0,0,0,0,0,0,0,0,0,0,0,0,0
48,0,0,0,0,0,0,55703,0,0,0,0,0,0,0,0,0,0,0,0,0,0
49,0,0,0,3373,39551,0,572032,6802,0,0,0,0,0,0,0,0,0,0,0,0,0
50,0,3124,0,0,0,0,0,0,0,0,0,0,0,0,0,0,0,0,0,0,0
51,0,10519,0,0,103866,0,0,0,0,0,0,0,0,0,0,0,0,0,0,0,0
52,0,0,0,0,0,0,0,173336,0,0,0,0,0,0,0,0,0,0,0,0,0
53,0,0,0,0,0,0,6,0,0,0,0,0,0,0,0,0,0,0,0,0,0
54,0,0,0,0,0,0,64303,0,0,0,0,0,0,0,0,0,0,0,0,0,0
55,0,0,0,0,0,0,34,0,0,0,0,0,0,0,0,0,0,0,0,0,0
56,0,0,0,0,0,0,308386,0,0,0,0,0,0,0,0,0,0,0,0,0,0
57,0,0,0,0,0,0,105530,0,0,0,0,0,0,0,0,0,0,0,0,0,0
58,0,0,0,0,0,0,1619,0,0,0,0,0,0,0,0,0,0,0,0,0,0
59,0,0,0,0,0,0,0,72179,0,0,0,0,0,0,0,0,0,0,0,0,0
60,0,1505,0,0,10293,0,0,0,0,0,0,0,0,0,0,0,0,0,0,0,0
61,0,10814,8011,0,13637,0,0,0,0,0,0,0,0,0,0,0,0,0,0,0,0
62,0,0,0,0,0,0,0,0,0,156562,0,0,0,0,0,0,0,0,0,0,0
63,0,0,0,0,0,0,0,0,0,792178,0,0,0,0,0,0,0,0,0,0,0
64,0,0,0,0,0,0,0,0,0,0,0,134738,0,0,0,0,0,0,0,0,0
65,0,0,0,0,0,0,0,0,0,0,2790558,0,0,0,0,0,0,0,0,0,0
66,0,0,0,0,0,0,0,0,0,0,0,14577,0,0,0,0,0,0,0,0,0
67,0,0,0,0,0,0,0,0,0,0,0,0,83540,0,0,0,0,0,0,0,0
68,0,0,0,0,0,0,0,0,0,0,472971,0,0,0,0,0,0,0,0,0,0
69,0,0,0,0,0,0,0,0,0,0,0,0,0,0,0,0,0,69760,0,0,0
70,0,0,0,0,0,0,0,0,0,0,0,0,0,0,0,0,0,201126,0,0,0
71,0,0,0,0,0,0,0,0,0,0,0,0,0,0,0,0,0,0,0,195992,0
72,0,0,0,0,0,0,0,0,0,0,0,0,0,0,0,0,0,0,0,50761,0
73,0,0,0,0,0,0,0,0,0,0,0,0,0,0,0,0,0,0,0,0,0
74,0,0,0,0,0,0,0,0,0,0,0,0,0,0,0,0,0,192643,210669,0,0
75,0,0,0,0,0,0,0,0,0,0,0,0,0,0,0,0,0,0,599903,0,130858
76,0,0,0,0,0,0,0,0,0,0,0,0,0,0,0,0,0,0,8523,0,0
77,0,0,0,202962,0,0,0,0,0,0,0,0,0,0,0,0,0,0,0,0,0
78,0,0,0,136520,0,0,54045,0,0,0,0,0,0,0,0,0,0,0,0,0,0
79,0,0,0,0,0,0,76695,0,0,0,0,0,0,0,0,0,0,0,0,0,0
80,8849,0,0,0,0,0,0,0,0,0,0,0,0,0,0,0,0,0,0,0,0
81,0,25772,0,0,0,0,0,0,0,0,0,0,0,0,0,0,0,0,0,0,0
82,0,158820,0,0,61,0,0,0,0,0,0,0,0,0,0,0,0,0,0,0,0
83,0,14087,0,0,0,0,0,0,0,0,0,0,0,0,0,0,0,0,0,0,0
84,0,0,0,0,0,0,447978,123069,0,0,0,0,0,0,0,0,0,0,0,0,0
85,0,0,0,0,0,0,0,74942,0,0,0,0,0,0,0,0,0,0,0,0,0
86,0,0,0,0,6,0,0,768,14722,0,0,0,0,0,0,0,0,0,0,0,0
87,0,0,0,0,451,160690,0,0,8,0,0,0,0,0,0,0,0,0,0,0,0
88,0,0,0,0,20440,861047,0,0,0,0,0,0,0,0,0,0,0,0,0,0,0
89,0,0,0,43850,274,0,79669,0,0,0,0,0,0,0,0,0,0,0,0,0,0
90,0,0,0,0,0,0,0,0,0,0,0,0,0,0,0,0,30414,0,0,0,0
91,0,0,0,0,0,0,0,0,0,0,0,0,0,0,956742,0,0,0,0,0,0
92,0,0,0,0,0,0,0,0,0,0,0,0,0,0,0,0,538202,0,0,0,0
93,0,0,0,0,0,0,0,0,0,0,0,0,0,0,0,0,0,0,0,27454,0
94,0,0,0,0,0,0,0,0,0,0,0,0,0,0,0,0,0,0,0,0,0
95,0,0,0,0,0,0,0,0,0,0,0,0,0,0,0,0,0,0,310008,0,178486
96,0,0,0,0,0,0,0,0,0,0,0,0,0,0,0,0,0,0,6,0,56485
97,0,0,0,160690,0,0,0,0,0,0,0,0,0,0,0,0,0,0,0,0,0
98,0,0,0,1268315,11,0,0,0,0,0,0,0,0,0,0,0,0,0,0,0,0
99,0,0,0,20856,0,0,126257,0,0,0,0,0,0,0,0,0,0,0,0,0,0
100,0,0,0,721758,0,0,0,0,0,0,0,0,0,0,0,0,0,0,0,0,0
101,0,0,0,0,0,0,87910,0,0,0,0,0,0,0,0,0,0,0,0,0,0
102,0,0,0,0,0,0,0,0,0,0,0,0,0,0,0,0,0,0,60647,0,0
103,0,0,0,0,0,0,0,0,0,0,0,0,0,0,0,0,0,0,28795,0,0
104,43520,173547,0,0,0,0,0,0,0,0,0,0,0,0,0,0,0,0,0,0,0
105,0,0,0,0,0,0,0,40468,0,0,0,0,0,0,0,0,0,0,0,0,0
106,0,0,0,0,0,0,0,92502,0,0,0,0,0,0,0,0,0,0,0,0,0
107,0,0,0,0,144,151075,0,0,0,0,0,0,0,0,0,0,0,0,0,0,0
108,0,0,0,0,1388,1312,0,0,277762,0,0,0,0,0,0,0,0,0,0,0,0
109,0,0,0,0,0,0,0,0,0,0,0,0,0,0,0,0,17808,0,0,0,0
110,0,0,0,0,0,0,0,0,0,0,0,0,0,0,76511,0,0,0,0,0,0
111,0,0,0,0,0,0,0,0,0,0,0,0,0,0,0,0,216592,0,0,0,0
112,0,0,0,0,0,0,0,0,0,0,0,23934,0,0,0,0,0,0,0,0,0
113,0,0,0,0,0,0,0,0,0,168588,0,88798,0,0,0,0,0,0,0,0,0
114,0,0,0,0,0,0,0,0,0,0,0,141048,0,0,0,0,0,0,0,0,0
115,0,0,0,0,0,0,0,0,0,0,0,1334629,0,0,0,0,0,0,0,0,0
116,0,0,0,0,0,0,0,0,0,0,3404955,0,0,0,0,0,0,0,0,0,0
117,0,0,0,0,0,0,0,0,0,0,1767930,0,0,0,0,0,0,0,0,0,0
118,0,0,0,0,0,0,0,0,0,0,0,0,0,0,0,0,0,3,0,0,0
119,0,0,0,0,0,0,0,0,0,0,0,0,0,0,0,0,0,0,0,32352,0
120,0,0,0,0,0,0,0,0,0,0,0,0,0,0,0,0,0,0,0,2885,0
121,0,0,0,0,0,0,0,0,0,0,0,0,0,0,0,0,0,0,0,0,0
122,0,0,0,0,0,0,0,0,0,0,0,0,0,0,0,0,0,0,673342,0,0
123,0,0,0,0,0,0,0,0,0,0,0,0,0,0,0,0,0,0,15348,0,24906
124,112214,0,0,54681,0,0,0,0,0,0,0,0,0,0,0,0,0,0,0,0,0
125,0,0,0,0,0,0,259433,0,0,0,0,0,0,0,0,0,0,0,0,0,0
126,61902,0,0,0,0,0,0,0,0,0,0,0,0,0,0,0,0,0,0,0,0
127,0,0,49196,0,0,0,0,0,0,0,0,0,0,0,0,0,0,0,0,0,0
128,0,0,0,0,0,0,0,0,0,0,0,0,0,9735,0,0,0,0,0,0,0
129,0,0,0,0,0,0,0,0,0,0,0,0,0,0,191074,0,0,0,0,0,0
130,0,0,0,0,0,0,0,0,0,3179330,0,0,0,0,0,0,0,0,0,0,0
131,0,0,0,0,0,0,0,0,0,3029524,157,870167,0,0,0,0,0,0,0,0,0
132,0,0,0,0,0,0,0,0,0,0,2443055,0,0,0,0,0,0,0,0,0,0
133,0,0,0,0,0,0,0,0,0,0,1497377,0,0,0,0,0,0,0,0,0,0
134,0,0,0,0,0,0,0,0,0,0,0,0,0,0,0,0,0,0,0,30194,0
135,0,0,0,0,0,0,0,0,0,0,0,0,0,0,0,0,0,10,0,0,0
136,0,0,0,0,0,0,0,0,0,0,0,0,0,0,0,0,0,0,0,6664,127284
137,0,0,0,0,0,0,0,0,0,0,0,0,0,0,0,0,0,0,761865,0,0
138,0,0,0,0,0,0,0,0,0,0,0,0,0,0,0,0,0,0,16856,0,0
139,0,0,0,0,0,0,0,0,0,0,0,0,0,0,0,0,0,0,29479,0,0
140,832451,0,0,0,0,0,0,0,0,0,0,0,0,0,0,0,0,0,0,0,0
141,0,0,0,606908,0,0,0,0,0,0,0,0,0,0,0,0,0,0,0,0,0
142,44596,0,0,0,0,0,0,0,0,0,0,0,0,0,0,0,0,0,0,0,0
143,0,28508,0,0,0,0,0,0,0,0,0,0,0,0,0,0,0,0,0,0,0
144,0,16245,0,0,0,0,0,0,0,0,0,0,0,0,0,0,0,0,0,0,0
145,0,0,0,0,0,0,0,294842,0,0,0,0,0,0,0,0,0,0,0,0,0
146,0,0,0,0,614,3124370,0,0,0,0,0,0,0,0,0,0,0,0,0,0,0
147,0,0,0,0,0,0,0,169891,0,0,0,0,0,0,0,0,0,0,0,0,0
148,0,0,0,0,0,0,0,90999,87849,0,0,0,0,0,0,0,0,0,0,0,0
149,0,0,36948,0,0,246990,0,0,0,0,0,0,0,0,0,0,0,0,0,0,0
150,0,0,0,0,158,2324836,0,0,0,0,0,0,0,0,0,0,0,0,0,0,0
151,0,0,0,0,0,0,0,0,0,0,0,0,0,3904,0,0,0,0,0,0,0
152,0,0,0,0,0,0,0,0,0,0,0,0,0,3220,0,0,0,0,0,0,0
153,0,0,0,0,0,0,0,0,0,0,0,0,0,0,0,25591,5560,0,0,0,0
154,0,0,0,0,0,0,0,0,0,0,0,0,0,0,0,0,18432,0,0,0,0
155,0,0,0,0,0,0,0,0,0,0,0,0,0,0,0,0,327248,0,0,0,0
156,0,0,0,0,0,0,0,0,0,0,0,0,0,0,0,0,313046,0,0,0,0
157,0,0,0,0,0,0,0,0,0,0,0,0,0,0,0,0,168665,0,0,0,0
158,0,0,0,0,0,0,0,0,0,0,414522,0,55261,0,0,0,0,0,0,0,0
159,0,0,0,0,0,0,0,0,0,0,0,228418,0,0,0,0,0,0,0,0,0
160,0,0,0,0,0,0,0,0,0,0,0,0,0,0,0,0,0,0,0,96478,0
161,0,0,0,0,0,0,0,0,0,0,0,0,0,0,0,0,0,72388,0,0,0
162,0,0,0,0,0,0,0,0,0,0,0,0,0,0,0,0,0,5132,0,44,0
163,0,0,0,0,0,0,0,0,0,0,0,0,0,0,0,0,0,10362,0,0,0
164,0,0,0,0,0,0,0,0,0,0,0,0,0,0,0,0,0,0,7908,0,149014
165,0,0,0,0,0,0,0,0,0,0,0,0,0,0,0,0,0,0,12661,0,0
166,0,0,0,0,0,0,0,0,0,0,0,0,0,0,0,0,0,0,103631,0,305294
167,143504,0,0,0,0,0,0,0,0,0,0,0,0,0,0,0,0,0,0,0,0
168,0,0,0,0,0,0,244230,0,0,0,0,0,0,0,0,0,0,0,0,0,0
169,0,0,0,0,0,0,0,0,0,0,0,0,0,0,0,0,0,0,21338,0,0
170,6440,0,0,0,0,0,0,0,0,0,0,0,0,0,0,0,0,0,0,0,0
171,0,0,0,0,131312,887074,0,0,0,0,0,0,0,0,0,0,0,0,0,0,0
172,0,0,0,0,0,0,0,2078,45125,0,0,0,0,0,0,0,0,0,0,0,0
173,0,0,0,0,110394,195019,0,0,0,0,0,0,0,0,0,0,0,0,0,0,0
